Absen,Nama,Gender,Panggilan
1,Alecha Elektra Miracle,P,Alecha
2,Alexander Michael Timothy,L,Xander
3,Andreas Avellino Tresnadi,L,Andre
4,Ashley Stephany Nayotamma Davies Karubaba,P,Ashley
5,Beatrice Graceana Velinka Analoklo,P,Grace
6,Benedicta Keira Putri,P,Kekey
7,Bintang Silalahi,L,Bintang
8,Claudya Fiorenza Paula Awi,P,Claudya
9,Devina Adiya Wijaya,P,Devina
10,Dimas Maulana Firmansyah,L,Dimas
11,Edward Joel,L,Joel
12,Evander Adwinson Nathanael Wijata,L,Evan
13,Frans Imanuel Fabianto,L,Frans
14,Gerardus Dhimy Yudwykha,L,Dhimy
15,Hans Felix,L,Hans
16,Ignatius Oniel Setiadi,L,Adi
17,Jesus Adriano Wurangian,L,Adriano
18,Joshua Edward Riyadi,L,Joshua
19,Lionel Yehezkiel Halim,L,Lionel
20,Mahalia Faradba Alwani,P,Mahalia
21,Maleakhi Sandro Simanjuntak,L,Sandro
22,Maria Astheritha Meiliany,P,Asther
23,Michael Franda Ken Julian Putra,L,Franda
24,Nicolaus Fellix Ananta,L,Fellix
25,Prita Akwila Situmorang,P,Prita
26,Retna Puja Monica,P,Retna
27,Steven Valentino Setiawan,L,Steven
28,Teresa Clarissa Setiawan,P,Tere
29,Valerie Isabelle,P,Valerie
30,Vickey Immanuel,L,Vickey
31,Virginia Bintang Putri Saragih,P,Virgi
32,Vivian Felicia Susanto,P,Felice
33,Wenceslaus Kim Ivander,L,Kim
